name,Start Finish,Callahan Cemetery,Elkinsville Cemetery,Hillenburg-Stephenson Cemetery,Cornett Cemetery,Fleetwood Cemetery,Gil Gal Cemetery,Gorbits Cemetery,Hanner Cemetery,Hawkins Cemetery,Hickory Grove Cemetery,Hickory Ridge Fire Tower,Houston Cemetery,Lutes Cemetery,Mitchell Cemetery,Robertson Cemetery,Todd Cemetery,Thompson Cemetery
Start Finish,,,,,,,,,,,,,,,,,,
Callahan Cemetery,,,,,,,,,,,,,,,,,,
Elkinsville Cemetery,,,,,,,,,,,,,,,,,,
Hillenburg-Stephenson Cemetery,3.59,,,,,,,,,,,,,,,,,
Cornett Cemetery,,2.2,,,,,,,,,,,,,,,,
Fleetwood Cemetery,,3.83,6.97,,,,,,,,,,,,,,,
Gil Gal Cemetery,3.85,,,,,,,,,,,,,,,,,
Gorbits Cemetery,,,,,,,,,,,,,,,,,,
Hanner Cemetery,,,,,1.25,,,4.49,,,,,,,,,,
Hawkins Cemetery,4.37,,,2.89,,,3.23,,,,,,,,,,,
Hickory Grove Cemetery,3.89,4.89,,,,4,,,,,,,,,,,,
Hickory Ridge Fire Tower,,,,,,,,,,,,,,,,,,
Houston Cemetery,,,8.47,,,5.29,,4.03,,,,,,,,,,
Lutes Cemetery,,,,,,,,,,,,,1.55,,,,,
Mitchell Cemetery,0.956,,,3.59,,,,,,,,4.58,,,,,,
Robertson Cemetery,,,,,,2.16,,,,,,2.83,,,,,,
Todd Cemetery,,,,3.49,,,,,,,,,,,,,,
Thompson Cemetery,,,,,,,,,2.99,,,,1.15,,,,,